name,tagline,bio,race,gender,fandom,image
Aethelgard Moonwhisper,"The stars align to guide my path, and the forest speaks to those who listen.","A wandering elven druid and archmage who has lived for over three centuries in the deep whispering groves. He holds the Staff of the Astral Conjunction, using it to read cosmic alignments and channel elemental energies. He values wisdom and quiet taverns.","Elf","Male","D&D","1f2ee97a-1bce-4da8-abe8-e5ae8c429868_1080x1350.jpg"
Sylas Vane,"A little magic, a little steel, and a lot of charm.","A clever spellblade and rogue from the high towers of Lotheria. Sylas blends quick swordplay with minor arcane tricks. He has a quick tongue, a sharp wit, and a habit of getting into trouble at the card tables.","Human","Male","D&D","2bbfac57-b369-1ad6-edc7-d7fc29b9c651_1080x1350.jpg"
Garok Ironbound,"Honor is not in the strength of the blade, but in the shield that guards the weak.","A vanguard commander of the Iron Peak. Garok broke away from the traditional chaotic clans to pledge his oath to the Order of the Gilded Sun. He walks a path of discipline, wielding holy fire alongside his warhammer.","Orc","Male","D&D","2d799bbf-e43b-46ed-a48b-7a93629cef22_1080x1350.jpg"
Aiden of Oakhaven,"Determined to earn my shield, one quest at a time.","A young human squire training under the legendary knights of Oakhaven. Aiden is honest, hard-working, and slightly naive, but his courage is unmatched. He spends his free time practicing swordplay in the woods.","Human","Male","D&D","2dff66ec-c121-7164-b339-87fce85af7e0_1080x1350.jpg"
Malakar the Pale,"My blade does the talking, and it has a very sharp tongue.","A pale, muscular wanderer from the ash plains of the northern wastes. Malakar is a lone gladiator and mercenary who relies on sheer strength and instinct. His giant sword, Whisper, has tasted the blood of dragons.","Human","Male","D&D","42f61adf-86ee-417f-a535-304aa4c50f94_1080x1350.jpg"
Evelyn of the Frost Peaks,"The cold mountain wind is my home, but the warmth of justice is my shield.","A sworn defender of the High Peak Citadel. Evelyn was trained in the harshest mountain conditions, learning to fight with heavy armor on sheer icy cliffs. Her golden plate armor is a family heirloom blessed by the sun.","Human","Female","D&D","47e47060-c479-45f2-b8a2-0d034e91d192_1080x1350.jpg"
Lord Korthas the Undying,"My oath did not end when my heart stopped beating.","A fallen knight of the silver realm, reanimated by runic magic. Korthas maintains his sense of honor and chivalry despite his skeletal form. He wanders the ruins, seeking to fulfill his long-lost duty.","Undead","Male","D&D","4d7e7069-5a8f-44cb-88c6-dbeece1e4caa_1080x1350.jpg"
Lilith Starspire,"Magic isn't just about spells; it's about style, presence, and a touch of danger.","A rogue elven enchantress who graduated top of her class before leaving to practice forbidden shadow magic. Lilith loves high fashion, glowing crystals, and testing new hexes on bandits.","Elf","Female","D&D","539d70c7-0626-4314-ae95-22aaf0ed26c8_1080x1350.jpg"
Garrick Sunshield,"The sun rises to light our path, and my shield rises to guard it.","A seasoned veteran of the Dawn Guard, Garrick has spent thirty years defending the borders of the kingdom. He is calm, wise, and deeply protective. He carries a sun-crested shield to turn aside demon blades.","Human","Male","D&D","67bccd3e-89e0-4933-9277-df4ebd18add4_1080x1350.jpg"
Aria Starwind,"The stars shine brightest in the coldest nights.","Princess and champion of the northern Ice Spire. Aria was chosen by the Starspirit to wield the legendary blade Stella, a sword forged from a meteor. She is polite, elegant, yet deadly in combat.","Elf","Female","D&D","6c8df807-3ded-459e-8283-46b678d14595_1080x1350.jpg"
Aurelia the Angelic Blade,"The heavens guide my blade, but my heart guides my path.","A celestial sentinel sent to the mortal plane to battle the creeping shadows. Aurelia is fierce, direct, and unyielding in her duties, yet she is fascinated by mortal taverns, food, and music.","Human","Female","D&D","733977df-f3b1-4aa2-88d4-148fe12895f3_1080x1350.jpg"
Malkor the Defiant,"Do not judge a warrior by his tusks, but by the weight of his words.","A rogue shaman and spellweaver of the Shattered Stone tribe. Malkor rejected the warmongering clans to study natural spirits and minor arcana. He has a quiet, reflective personality despite his massive frame.","Orc","Male","D&D","80540bf2-b6e1-4df6-9a61-8b6d0baeec67_1080x1350.jpg"
Sylvia the Golden Lily,"The river flows, the sun rises, and my steel remains clean.","A vanguard knight of the Elven River Kingdom. Sylvia is dedicated to defending the waters and ancient temples from corruption. She walks through shallow streams and lakes to meditate.","Elf","Female","D&D","8aa2e880-9348-4ac1-a027-041ce59d279b_1080x1350.jpg"
Kaelen Stormborn,"The storm answers to my blade, and I answer to no one.","A rogue tempest warrior from the sky-high peaks of the Thunder Mountains. Kaelen survived being struck by lightning as a child and now channels electrical currents into his golden sword.","Human","Male","D&D","9098b7a3-f9c2-4b37-9b5a-b23b4af0dbe6_1080x1350.jpg"
Alandra Mooncrest,"The moonlight reveals all secrets, and my silver shield guards them.","A holy priestess-knight of the Silver Moon Order. Alandra protects the ancient moon shrines from dark defilement. She is quiet, pious, and possesses healing magic alongside her sword skills.","Elf","Female","D&D","b1960a9c-95b0-41e8-a080-9d531d084341_1080x1350.jpg"
Talia Greenweave,"The heartbeat of the forest is the only melody I need.","A woodland scholar and healer who lives in the eternal groves. Talia speaks the language of plants and beasts, brewing herbal remedies for lost travelers. She has a gentle, sweet disposition.","Elf","Female","D&D","cfe53962-a733-429a-8f8e-7e77fb67f5b0_1080x1350.jpg"
Elysia Swifthand,"Swiping right on adventure... and maybe you.","An elven technomancer who discovered a strange portal linking her realm to the mortal internet. Now she spends her time reviewing tavern menus online and looking for local adventuring parties.","Elf","Female","D&D","d21e8587-95ac-443f-80c1-c3872cdbd383_1080x1350.jpg"
Fiona Leafbloom,"A cup of hot chamomile tea solves most of the realm's problems.","An elven herbalist and botanist who manages the royal glasshouse. Fiona is sweet, soft-spoken, and prefers tending to rare magical orchids over adventuring in dirty dungeons.","Elf","Female","D&D","d6ab92f3-5c4f-4115-a4c8-95f5c298732a_1080x1350.jpg"
Ignis the Stone Guard,"Flesh decays, kingdoms fall, but stone stands eternal.","An ancient warrior carved from basalt and animated by golden starlight. He has guarded the desert ruins of Oros for a thousand years. He is calm, stoic, and speaks slowly.","Undead","Male","D&D","df3abe2c-a526-413b-ba77-0493259f7fa6_1080x1350.jpg"
Talia Wavecrest,"You can't catch the wind, but you can swim in the lake all day.","An elven swimmer and ranger who loves nothing more than spending hot summer days by the lake. Talia is optimistic, bubbly, and always finds the positive side of any situation.","Elf","Female","D&D","efac4ed7-d6b2-4f4d-95e0-a5e6a5f0fab0_1080x1350.jpg"
Kailani Stormwave,"The ocean holds a different kind of magic, deep and quiet.","An elven ocean-scout who patrols the southern beaches. Kailani has a calm, warm, and inviting nature. She loves walking on sandy shores, finding rare seashells, and telling stories of ancient sea beasts.","Elf","Female","D&D","f5d73fde-eef1-48a4-8b68-f54c024d0403_1080x1350.jpg"
Theseus of Mycenae,"Even the most petrifying gaze must eventually fall.","A legendary demigod and monster-slayer from the ancient city-states. Theseus has slain Gorgons, Minotaurs, and chimeras in his quest to protect the mortal realms. He is quiet and focused.","Human","Male","D&D","f8467863-6f69-4ad4-afb7-712a0b77b474_1080x1350.jpg"
Sylvia Frostbloom,"The winter winds are cold, but my blade shines with a warm light.","A vanguard knight of the Frost Alliance. Sylvia protects the mountain passes from ogres and frost trolls. Her silver and gold armor is enchanted to resist extreme cold, and her blade, Northwind, is light as a feather.","Elf","Female","D&D","fa1d86b2-8d5f-40df-86d0-c00052d5e3e1_1080x1350.jpg"
